Asia,Europe,North America
Agricultural Bank of China,BNP Paribas,JP Morgan Chase
Bank of China,Groupe Credit Agricole,Royal Bank of Canada
China Construction Bank,Groupe BPCE,Toronto Dominion
Industrial and Commercial Bank of China,Societe Generale,Citigroup
Bank of Communications (BoCom),Deutsche Bank,Bank of America
Mitsubishi UFJ FG,ING,Goldman Sachs
Mizuho FG,Santander,Bank of New York Mellon
Sumitomo Mitsui FG,UBS,Morgan Stanley
,HSBC,State Street
,Barclays,Wells Fargo
,Standard Chartered,
